1-ша Поперечна вулиця;1;t
Першого Травня площа;2;f
1-го Травня вулиця;3;t
1-й Бойовий провулок;4;t
1-ої Кінної Армії вулиця;5;f
1-й Айвазовського провулок;6;t
1-й Басейний провулок;7;t
1-й Високогірний проїзд;8;t
1-й Гіївський в’їзд;9;t
1-й Данилівський провулок;10;t
1-й Деповський в’їзд;11;t
1-й Дорошенківський в’їзд;12;t
1-й Дружби провулок;13;t
1-й Дружний провулок;14;t
1-й Жилярді в’їзд;15;t
1-й Зеленодольський проїзд;16;t
1-й Зерновий проїзд;17;t
1-й Золотий в’їзд;18;t
1-й Золочівський провулок;19;t
1-й Істомінський провулок;20;t
1-й Карпатський проїзд;21;t
1-й Каховський провулок;22;t
1-й Керамічний провулок;23;t
1-й Цегляний провулок;24;t
1-й Колесниченківський провулок;25;t
1-й Колонний провулок;26;t
1-й Кільцевий провулок;27;t
1-й Котласький проїзд;28;t
1-й Крилова в’їзд;29;t
1-й Лазківський в’їзд;30;t
1-й Луговий проїзд;31;t
1-й Луї Пастера в’їзд;32;t
1-й Горького Максима провулок;33;t
1-й Мінеральний провулок;34;t
1-й Німанський проїзд;35;t
1-й Немишлянський в’їзд;36;t
1-й Новоприміський провулок;37;t
1-й Новий провулок;38;t
1-й Омський в’їзд;39;t
1-й Омський провулок;40;t
1-й Орловський проїзд;41;t
1-й Петренківський проїзд;42;t
1-й Петренківський провулок;43;t
1-й Петренківський в’їзд;44;t
1-й Родючий провулок;45;t
1-й Підгірний в’їзд;46;t
1-й Приамурський провулок;47;t
1-й Ставковий провулок;48;t
1-й Райгородський провулок;49;t
1-й Роменський в’їзд;50;t
3-й Рудничний провулок;51;t
1-й Самаркандський в’їзд;52;t
1-й Сінний провулок;53;t
1-й Верстатний в’їзд;54;t
1-й Старовський в’їзд;55;t
1-й Сичевський в’їзд;56;t
1-й Таганський провулок;57;t
1-й Тиняківський провулок;58;t
1-й Тираспільський в’їзд;59;t
1-й Тракторний провулок;60;t
1-й Шестопарк в’їзд;61;t
11-го Липня вулиця;62;f
12-го Квітня вулиця;63;f
Фісановича вулиця;64;f
2-й Бойовий провулок;65;t
2-й Будівельний в’їзд;66;t
2-й Айвазовського провулок;67;t
2-й Басейний провулок;68;t
2-й Біробіджанський проїзд;69;t
2-й Братський проїзд;70;t
2-й Високогірний проїзд;71;t
2-й Данилівський провулок;72;t
2-й Докучаєва провулок;73;t
2-й Дорошенківський в’їзд;74;t
2-й Дружби провулок;75;t
2-й Дружний провулок;76;t
2-й Жилярді в’їзд;77;t
2-й Звенигородський провулок;78;t
2-й Зеленодольський проїзд;79;t
2-й Зерновий проїзд;80;t
2-й Золотий в’їзд;81;t
2-й Золочівський провулок;82;t
2-й Істомінський провулок;83;t
Істомінський провулок;84;f
2-й Карпатський проїзд;85;t
2-й Каховський провулок;86;t
2-й Керамічний провулок;87;t
2-й Колонний провулок;88;t
2-й Кільцевий провулок;89;t
2-й Колесниченківський провулок;90;t
2-й Котласький проїзд;91;t
2-й Краснодарський провулок;92;t
2-й Крилова в’їзд;93;t
2-й Лазківський в’їзд;94;t
2-й Лісопарковий провулок;95;t
2-й Луговий проїзд;96;t
2-й Луї Пастера в’їзд;97;t
2-й Горького Максима провулок;98;t
Вишневий провулок;99;f
2-й Німанський проїзд;100;t
2-й Немишлянський в’їзд;101;t
2-й Новоприміський провулок;102;t
2-й Омський в’їзд;103;t
2-й Орловський проїзд;104;t
2-й Орський провулок;105;t
2-й Петренківський в’їзд;106;t
2-й Петренківський провулок;107;t
2-й Петренківський проїзд;108;t
2-й Підгірний в’їзд;109;t
2-й Польовий в’їзд;110;t
2-й Приамурський провулок;111;t
2-й Прирічний провулок;112;t
2-й Ставковий провулок;113;t
2-й Радіотехнічний провулок;114;t
2-й Райгородський провулок;115;t
2-й Роменський в’їзд;116;t
2-й Рудничний провулок;117;t
2-й Самаркандський в’їзд;118;t
2-й Сінний провулок;119;t
2-й Верстатний в’їзд;120;t
2-й Старокримський провулок;121;t
2-й Таганський провулок;122;t
2-й Тиняківський провулок;123;t
2-й Тираспільський в’їзд;124;t
2-й Челюскінців в’їзд;125;t
2-й Евенський провулок;126;t
23-го Серпня провулок;127;f
23-го Серпня вулиця;128;f
2-й Омський провулок;129;t
3-й Біробіджанський проїзд;130;t
3-й Високогірний в’їзд;131;t
3-й Гіївський узвіз;132;t
3-й Дружби провулок;133;t
3-й Жилярді в’їзд;134;t
3-й Зеленодольський проїзд;135;t
3-й Зерновий проїзд;136;t
3-й Колонний провулок;137;t
3-й Колесниченківський провулок;138;t
3-й Луговий проїзд;139;t
3-й Луї Пастера в’їзд;140;t
3-й Німанський проїзд;141;t
3-й Немишлянський в’їзд;142;t
3-й Новоприміський провулок;143;t
3-й Петренківський проїзд;144;t
3-й Петренківський провулок;145;t
3-й Прирічний провулок;146;t
3-й Сінний провулок;147;t
3-й Верстатний в’їзд;148;t
3-й Будівельний в’їзд;149;t
3-й Таганський провулок;150;t
3-й Тираспільський в’їзд;151;t
3-й Челюскінців в’їзд;152;t
4-й Біробіджанський проїзд;153;t
4-й Високогірний в’їзд;154;t
4-й Гіївський узвіз;155;t
4-й Зерновий проїзд;156;t
4-й Керамічний в’їзд;157;t
4-й Луї Пастера в’їзд;158;t
4-й Німанський проїзд;159;t
4-й Петренківський проїзд;160;t
4-й Верстатний в’їзд;161;t
4-й Тираспільський в’їзд;162;t
4-й Челюскінців в’їзд;163;t
5-й Гіївський узвіз;164;t
5-й Зеленодольський проїзд;165;t
5-й Немишлянський в’їзд;166;t
5-й Приміський в’їзд;167;t
50-річчя ВЛКСМ проспект;168;f
50-річчя СРСР проспект;169;f
6-й Гіївський узвіз;170;t
6-й Немишлянський в’їзд;171;t
III Інтернаціоналу вулиця;172;f
XVII Партз’їзду вулиця;173;f
Абаканська вулиця;174;f
Абразумовська вулиця;175;f
Авангардна вулиця;176;f
Авіахімічна вулиця;177;f
Абрамівська вулиця;178;f
Автогенна вулиця;179;f
Автодорожня вулиця;180;f
Автострадна улица;181;f
Автострадний провулок;182;f
Автотракторна вулиця;183;f
Автотракторний провулок;184;f
Аграрна вулиця;185;f
Агрономічна вулиця;186;f
Аджарський провулок;187;f
Адигейська вулиця;188;f
Адигейський провулок;189;f
Азербайджанська вулиця;190;f
Азербайджанський провулок;191;f
Азовська вулиця;192;f
Азовстальська вулиця;193;f
Айвазовського вулиця;194;f
Моісеївська вулиця;195;f
Академіка Богомольця вулиця;196;t
Академіка Вальтера вулиця;197;t
Академіка Карпинського вулиця;198;t
Академіка Курчатова проспект;199;t
Академіка Ляпунова вулиця;200;t
Академіка Павлова вулиця;201;t
Академіка Павлова провулок;202;t
Академіка Проскури вулиця;203;t
Академіка Філіппова вулиця;204;t
Академіка Юр’єва бульвар;205;t
Академічна вулиця;206;f
Аксакова провулок;207;f
Матросова Олександра вулиця;208;f
Невського Олександра вулиця;209;f
Ульянова Олександра вулиця;210;f
Олександрівський провулок;211;f
Олексіївська вулиця;212;f
Дерев’янка вулиця;213;f
Алма-Атинська вулиця;214;f
Алма-Атинський провулок;215;f
Алмазна вулиця;216;f
Алтайський провулок;217;f
Алупкинська вулиця;218;f
Алуштинська вулиця;219;f
Алуштинський провулок;220;f
Альбовський провулок;221;f
Гамарника провулок;222;f
Амурська вулиця;223;f
Амурський провулок;224;f
Анадирський провулок;225;f
Анапська вулиця;226;f
Ангарська вулиця;227;f
Ангарський провулок;228;f
Ощепкова Андрія вулиця;229;f
Антокольського вулиця;230;f
Чехова Антона провулок;231;f
Сохора Антоніна вулиця;232;f
Аптекарський провулок;233;f
Аравійська вулиця;234;f
Аральська вулиця;235;f
Аральська вулиця;236;f
Арктична вулиця;237;f
Арматурна вулиця;238;f
Армійська вулиця;239;f
Армійський в’їзд;240;f
Арсенальна вулиця;241;f
Артільна вулиця;242;f
Артільний провулок;243;f
Артема вулиця;244;f
Артилерійська вулиця;245;f
Артилерійський провулок;246;f
Артюхівська вулиця;247;f
Диспетчерський в’їзд;248;f
Архангельська вулиця;249;f
Архангельський провулок;250;f
Архітекторів вулиця;251;f
Аскольдівська вулиця;252;f
Астраханська вулиця;253;f
Астрономічна вулиця;254;f
Афанасіївська вулиця;255;f
Афанасіївський провулок;256;f
Ахсарова вулиця;257;f
Ашхабадська вулиця;258;f
Ашхабадський провулок;259;f
Аеродромна вулиця;260;f
Аеродромний провулок;261;f
Аеропортна вулиця;262;f
Аеропортний провулок;263;f
Аерофлотська вулиця;264;f
Бабушкіна вулиця;265;f
Баварська вулиця;266;f
Баварський провулок;267;f
Багратіона провулок;268;f
Багратіона в’їзд;269;f
Багратіона вулиця;270;f
Бадаєва провулок;271;f
Бажова вулиця;272;f
Базарна вулиця;273;f
Базарна вулиця;274;f
Байдарська вулиця;275;f
Байкальська вулиця;276;f
Байкальський провулок;277;f
Байрона провулок;278;f
Бакинська вулиця;279;f
Бакинських Комісарів вулиця;280;f
Бакуліна вулиця;281;f
Бакуліна вулиця;282;f
Бакуніна вулиця;283;f
Балакірєва в’їзд;284;f
Балакірєва вулиця;285;f
Балаклавський провулок;286;f
Балаклійська вулиця;287;f
Балаклійський провулок;288;f
Балашовський провулок;289;f
Балканська вулиця;290;f
Балтійська вулиця;291;f
Балхаська вулиця;292;f
Балхаський провулок;293;f
Банківський провулок;294;f
Банний провулок;295;f
Барабашова вулиця;296;f
Анрі Барбюса вулиця;297;f
Барвінківська вулиця;298;f
Барвінківський провулок;299;f
Барнаульська вулиця;300;f
Барикадна вулиця;301;f
Барикадний провулок;302;f
Басейна вулиця;303;f
Батайська вулиця;304;f
Батумська вулиця;305;f
Батуринська вулиця;306;f
Бауманська вулиця;307;f
Башваєвський провулок;308;f
Башкирська вулиця;309;f
Башкирський провулок;310;f
Безлюдівська вулиця;311;f
Безіменна вулиця;312;f
Бекетова вулиця;313;f
Бєлінського вулиця;314;f
Бєлінського провулок;315;f
Білобровський провулок;316;f
Біловезька вулиця;317;f
Білогірська вулиця;318;f
Білгородський узвіз;319;f
Білгородське шосе;320;f
Біломорська вулиця;321;f
Білоруська вулиця;322;f
Білостоцький провулок;323;f
Березівська вулиця;324;f
Березівський в’їзд;325;f
Берестова вулиця;326;f
Безкрайня вулиця;327;f
Безпалівський в’їзд;328;f
Безпалівський провулок;329;f
Бесарабська вулиця;330;f
Бестужева в’їзд;331;f
Бестужева вулиця;332;f
Бестужевський провулок;333;f
Бетховена провулок;334;f
Бехтерєва провулок;335;f
Біологічна вулиця;336;f
Біологічний в’їзд;337;f
Біологічний провулок;338;f
Бирюківська вулиця;339;f
Благодатна вулиця;340;f
Блискучий провулок;341;f
Близнюківська вулиця;342;f
Блюхера вулиця;343;f
Бобруйська вулиця;344;f
Хмельницького Богдана бульвар;345;f
Хмельницького Богдана вулиця;346;f
Богунського вулиця;347;f
Богунського провулок;348;f
Бойова вулиця;349;f
Болгарська вулиця;350;f
Росинського провулок;351;f
Болонська вулиця;352;f
Велика Гончарівська вулиця;353;f
Велика Данилівка вулиця;354;f
Велика Кільцева вулиця;355;f
Більшовицька вулиця;356;f
Більшовицька провулок;357;f
Бондаренківська вулиця;358;f
Бондаренківська вулиця;359;f
Борзенка вулиця;360;f
Надбірний в’їзд;361;f
Чичибабина Бориса вулиця;362;f
Борисівська вулиця;363;f
Борисоглібська вулиця;364;f
Борова вулиця;365;f
Бородіна вулиця;366;f
Бородинівська вулиця;367;f
Бородівський провулок;368;f
Бородівський в’їзд;369;f
Борщівський провулок;370;f
Боротьби вулиця;371;f
Ботанічна вулиця;372;f
Ботанічний провулок;373;f
Боткіна в’їзд;374;f
Боткіна провулок;375;f
Братська вулиця;376;f
Братський в’їзд;377;f
Братський проїзд;378;f
Брестська вулиця;379;f
Брестський провулок;380;f
Бригадна вулиця;381;f
Броньова вулиця;382;f
Броненосця Потьомкін вулиця;383;f
Брюсова вулиця;384;f
Брянський провулок;385;f
Бугурусланський провулок;386;f
Буздаліна вулиця;387;f
Буковинська вулиця;388;f
Буковинський провулок;389;f
Бульварна вулиця;390;f
Бурлацький провулок;391;f
Бурсацький узвіз;392;f
Бутлеровський в’їзд;393;f
Вавилова вулиця;394;f
Вагнера вулиця;395;f
Вагонна вулиця;396;f
Вакулівська вулиця;397;f
Валдайська вулиця;398;f
Валдайський провулок;399;f
Валер’янівська вулиця;400;f
Валківський провулок;401;f
Ванди Василевської провулок;402;f
Ванди Василевської вулиця;403;f
Варварівська вулиця;404;f
Варениківський провулок;405;f
Варламівський провулок;406;f
Варшавський провулок;407;f
Блакитного Василя вулиця;408;f
Василівський провулок;410;f
Васнецова провулок;411;f
Васнецова проїзд;412;f
Васнецова вулиця;413;f
Ватутіна провулок;414;f
Ватутіна вулиця;415;f
Велозаводська вулиця;416;f
Велозаводський проїзд;417;f
Велозаводський провулок;418;f
Верещагіна провулок;419;f
Веринська вулиця;420;f
Верхньо-Удинська вулиця;421;f
Верхньогіївська вулиця;422;f
Верхній в’їзд;423;f
Верхній провулок;424;f
Верхівський провулок;425;f
Верхоянська вулиця;426;f
Віри Фігнер вулиця;427;f
Весела вулиця;428;f
Веселий провулок;429;f
Весінній провулок;430;f
Весніна узвіз;431;f
Весніна вулиця;432;f
Вешенська вулиця;433;f
Вешенський в’їзд;434;f
Ващенківський в’їзд;435;f
Ващенківський провулок;436;f
Віктора Гюго вулиця;437;f
Віленський провулок;438;f
Вінницький провулок;439;f
Виноградна вулиця;440;f
Виноградний провулок;441;f
Вітебська вулиця;442;f
Вишнева вулиця;443;f
Вишневий в’їзд;444;f
Владивостоцька вулиця;446;f
Челябінський провулок;447;f
Володимирська вулиця;448;f
Власенка вулиця;449;f
Власівський провулок;450;f
Внуківський провулок;451;f
Водопровідна вулиця;452;f
Військова вулиця;453;f
Відродження вулиця;454;f
Відродження провулок;455;f
Войкова вулиця;456;f
Вокзальна вулиця;457;f
Волго-Донський провулок;458;f
Волгоградська вулиця;459;f
Волзька вулиця;460;f
Вологодська вулиця;461;f
Вологодський в’їзд;462;f
Володарського вулиця;463;f
Володарського провулок;464;f
Дубініна Володі провулок;465;f
Воложанівська вулиця;466;f
Волоколамський провулок;467;f
Волочаївська вулиця;468;f
Волхівська вулиця;469;f
Вовчанська вулиця;470;f
Волинська вулиця;471;f
Воробйова вулиця;472;f
Воровського вулиця;473;f
Вороніхіна провулок;474;f
Вороніхіна вулиця;475;f
Повстання провулок;476;f
Повстання площа;477;f
Східна вулиця;478;f
Східний проїзд;479;f
Другої П’ятирічки вулиця;480;f
Виборзький провулок;481;f
Виборна вулиця;482;f
Виборний провулок;483;f
Високовольтна вулиця;484;f
Високовольтний в’їзд;485;f
Високовольтний провулок;486;f
Високогірна вулиця;487;f
Високогірний проїзд;488;f
Високогірний провулок;489;f
Кашуби вулиця;490;f
Петровського в’їзд;491;f
Височинська вулиця;492;f
Вятська вулиця;493;f
Гагаріна проспект;494;f
Гагаріна вулиця;495;f
Грайворонська вулиця;496;f
Галинська вулиця;497;f
Нікітіної Галини вулиця;498;f
Галушкинська вулиця;499;f
Гамарника вулиця;500;f
Ганни вулиця;501;f
Гарібальді вулиця;502;f
Гарнізонна вулиця;503;f
Гаршина вулиця;504;f
Гастелло вулиця;505;f
Гацева вулиця;506;f
Гвардійська вулиця;507;f
Гвардійський проїзд;508;f
Гвардійський провулок;509;f
Гвардійців-залізничників вулиця;510;f
Гвардійців-широнінців вулиця;511;f
Генічеська вулиця;512;f
Георгіївська вулиця;513;f
Герасимівська вулиця;514;f
Герасимівський провулок;515;f
Героїв Сталінграда проспект;516;f
Героїв Праці вулиця;517;f
Герцена провулок;518;f
Герцена вулиця;519;f
Гіївська вулиця;520;f
2-й Гіївський узвіз;521;t
Гіршмана вулиця;522;f
Гладкий провулок;523;f
Гладківський провулок;524;f
Глазунова провулок;525;f
Глібівська вулиця;526;f
Глінки вулиця;527;f
Глухий провулок;528;f
Гнедича провулок;529;f
Гоголя вулиця;530;f
Голубівська вулиця;531;f
Голубівський провулок;532;f
Гомельська вулиця;533;f
Гордієнківська вулиця;534;f
Горійська вулиця;535;f
Горлівська вулиця;536;f
Горлівський провулок;537;f
Гірська вулиця;538;f
Горнинська вулиця;539;f
Горнинський провулок;540;f
Гірський в’їзд;541;f
Гірський провулок;542;f
Міськрадська вулиця;543;f
Горького вулиця;544;f
Горянська вулиця;545;f
Гостинна вулиця;546;f
Готнянський провулок;547;f
Громадянська вулиця;548;f
Громадянський провулок;549;f
Гранітний провулок;550;f
Гребенюківська вулиця;551;f
Греківська вулиця;552;f
Гречаний провулок;553;f
Грибоєдова в’їзд;554;f
Грибоєдова вулиця;555;f
Рудика Григорія вулиця;556;f
Григорівська вулиця;557;f
Григорівський провулок;558;f
Гризодубової провулок;559;f
Гризодубової вулиця;560;f
Грицевця Сергія вулиця;561;f
Грозненська вулиця;562;f
Грузинська вулиця;563;f
Груповий провулок;564;f
Губенка вулиця;565;f
Губкомівська вулиця;566;f
Гуданова вулиця;567;f
Гудаутський провулок;568;f
Гуківська вулиця;569;f
Гур’ївська вулиця;570;f
Гур’ївський проїзд;571;f
Гур’ївський провулок;572;f
Гутянська вулиця;573;f
Гутянський провулок;574;f
Дагестанська вулиця;575;f
Дагестанський провулок;576;f
Далекосхідна вулиця;577;f
Дальній провулок;578;f
Данилевського вулиця;579;f
Данилівський узвіз;580;f
Великий Данилівський провулок;581;f
Дарвіна вулиця;582;f
Даргомижського вулиця;583;f
Даргомижського в’їзд;584;f
Дар’яльська вулиця;585;f
Дацька вулиця;586;f
Дачна вулиця;587;f
Дачний провулок;588;f
Двінська вулиця;589;f
Двінський провулок;590;f
Двінський в’їзд;591;f
Курська вулиця;592;f
Дебальцівська вулиця;593;f
Демченка вулиця;594;f
Делегатська вулиця;595;f
Делегатський провулок;596;f
Бєдного Дем’яна вулиця;597;f
Деповська вулиця;598;f
Деповський провулок;599;f
Депутатська вулиця;600;f
Депутатський в’їзд;601;f
Дербентська вулиця;602;f
Дербентський провулок;603;f
Дергачівська вулиця;604;f
Державінська вулиця;606;f
Деснянський провулок;607;f
Джанкойська вулиця;608;f
Джутова вулиця;609;f
Джутовий провулок;610;f
Дзюби проспект;611;f
Дивногірський провулок;612;f
Дідро вулиця;613;f
Дизельна вулиця;614;f
Диканівська вулиця;615;f
Динамічний провулок;616;f
Динамівська вулиця;617;f
Диспетчерська вулиця;618;f
Диспетчерський провулок;619;f
Дмитрівська вулиця;620;f
Донського Дмитра вулиця;621;f
Клапцова Дмитра вулиця;622;f
Дніпровська вулиця;623;f
Дніпропетровська вулиця;624;f
Дніпропетровський провулок;625;f
Дніпропетровський проїзд;626;f
Дністровська вулиця;627;f
Дністровський провулок;628;f
Добродєтського вулиця;629;f
Добролюбова вулиця;630;f
Доватора вулиця;631;f
Довгалівська вулиця;632;f
Довгалівський провулок;633;f
Довженка вулиця;634;f
Докучаєва провулок;635;f
Докучаєва вулиця;636;f
Довгожданий провулок;637;f
Долинний провулок;638;f
Долинський провулок;639;f
Донбасівський провулок;640;f
Донецька вулиця;641;f
Донецька вулиця;642;f
Донецький провулок;643;f
Донський провулок;644;f
Дорожня вулиця;645;f
Дорохівський провулок;646;f
Дорошенківська вулиця;647;f
Дорошенківський провулок;648;f
Досвідний провулок;649;f
Достоєвського вулиця;650;f
Достоєвського в’їзд;651;f
Бондаренка вулиця;652;f
Дружби вулиця;653;f
Дружби Народів вулиця;654;f
Дружна вулиця;655;f
Дудківська вулиця;656;f
Дунаєвського вулиця;657;f
Дунайська вулиця;658;f
Морозова Павлика вулиця;659;f
Єйський провулок;660;f
Оленинська вулиця;661;f
Стасової Олени вулиця;662;f
Єлецький провулок;663;f
Єлецький провулок;664;f
Єлизаветинська вулиця;665;f
Єлізарова вулиця;666;f
Омельянівський провулок;667;f
Єнакіївська вулиця;668;f
Єнакіївський провулок;669;f
Єнісейська вулиця;670;f
Єрмаківська вулиця;671;f
Мічуріна в’їзд;672;f
Желєзноводська вулиця;673;f
Залізничний проїзд;674;f
Залізнична вулиця;675;f
Залізнична вулиця;676;f
Зарічна вулиця;677;f
Залізничний провулок;678;f
Желєзнякова вулиця;679;f
Желябова провулок;680;f
Жилівський провулок;681;f
Жилярді вулиця;682;f
Житня вулиця;683;f
Жихарська вулиця;684;f
Жихарський в’їзд;685;f
Жмеринська вулиця;686;f
Жуковського проспект;687;f
Жуковського вулиця;688;f
Журавлівська набережна;689;f
Жутівська вулиця;690;f
Забайкальська вулиця;691;f
Забайкальський провулок;692;f
Заводу Комсомолець вулиця;693;f
Заводська вулиця;694;f
Заводський провулок;695;f
Заміська вулиця;696;f
Заміський провулок;697;f
Заміський в’їзд;698;f
Загорський провулок;699;f
Заліська вулиця;700;f
Залютинський в’їзд;701;f
Залютинський провулок;702;f
Західна вулиця;704;f
Зачепилівська вулиця;705;f
Зоряна вулиця;706;f
Звенигородська вулиця;707;f
Звенигородський провулок;708;f
1-й Звенигородський в’їзд;709;t
Здоров’я провулок;710;f
Зелена вулиця;711;f
Зеленоградська вулиця;712;f
Зеленодільська вулиця;713;f
Зеленодільський в’їзд;714;f
Зеленського вулиця;715;f
Зелений провулок;716;f
Зелений Гай вулиця;717;f
Земівський провулок;718;f
Зернова вулиця;719;f
Зміївська вулиця;720;f
Зміївський в’їзд;721;f
Золотарівський провулок;722;f
Золотий провулок;723;f
Золочівська вулиця;724;f
Зубарєва О. вулиця;725;f
Височиненка Івана вулиця;726;f
Каркача Івана провулок;727;f
Каркача Івана проїзд;728;f
Каркача Івана бульвар;729;f
Кулика Івана в’їзд;730;f
Минайленка Івана вулиця;731;f
Іванова вулиця;732;f
Іванівська вулиця;733;f
Іванівський провулок;734;f
Іжевська вулиця;735;f
Іжевський провулок;736;f
Достатку провулок;737;f
Достатку вулиця;738;f
Смарагдовий провулок;739;f
Ізюмська вулиця;740;f
Іллінська вулиця;741;f
Ілліча провулок;742;f
Ілліча вулиця;743;f
Ілліча проспект;744;f
Ільменська вулиця;745;f
Ініціативна вулиця;746;f
Інтернаціоналу провулок;747;f
Інтернаціональна вулиця;748;f
Інтернаціоналу вулиця;749;f
Іртиська вулиця;750;f
Іртиський провулок;751;f
Ісаївська вулиця;752;f
Ісаївський провулок;753;f
Іскринська вулиця;754;f
Іскринська провулок;755;f
Виконкомівський провулок;756;f
Істомінська вулиця;757;f
Кабардинська вулиця;758;f
Казахстанська вулиця;759;f
Калініна вулиця;760;f
Калініна в’їзд;761;f
Калінінградська вулиця;762;f
Калінінградський провулок;763;f
Калузька вулиця;764;f
Калузький провулок;765;f
Каляєва провулок;766;f
Кам’янець-Подільська вулиця;767;f
Кам’янець-Подільський провулок;768;f
Кемеровська вулиця;769;f
Камська вулиця;770;f
Камчаніновська вулиця;771;f
Комишанська вулиця;772;f
Камишева Івана вулиця;773;f
Кандаурова вулиця;774;f
Кантемира провулок;775;f
Капустянська вулиця;776;f
Карагандинська вулиця;777;f
Карамзіна вулиця;778;f
Каразіна вулиця;779;f
Карачівський провулок;780;f
Карачівське шосе;781;f
Карла Лібкнехта вулиця;782;f
Карла Маркса вулиця;783;f
Карла Маркса площа;784;f
Кармалюка вулиця;785;f
Карпатська вулиця;786;f
Карпатський провулок;787;f
Карпівська вулиця;788;f
Карпівський провулок;789;f
Кар’єрна вулиця;790;f
Катаєва вулиця;791;f
Каховська вулиця;792;f
Коцарська вулиця;793;f
Качанівська вулиця;794;f
Каширська вулиця;795;f
Каштанова вулиця;796;f
Алябьєва вулиця;797;f
Квіткинська вулиця;798;f
Квітучий провулок;799;f
Кедровий провулок;800;f
Керамічна вулиця;801;f
Керченська вулиця;802;f
Кибальчича провулок;803;f
Кибальчича вулиця;804;f
Київська вулиця;805;f
Кіквідзе провулок;806;f
Кіквідзе вулиця;807;f
Кіпренський провулок;808;f
Киргизька вулиця;809;f
Кірова вулиця;810;f
Кірова вулиця;811;f
Цегляний провулок;812;f
Кисловодська вулиця;813;f
Кисловодський провулок;814;f
Китаєнка вулиця;815;f
Шульженко Клавдії вулиця;816;f
Кленова вулиця;817;f
Климовського провулок;818;f
Клочківська вулиця;819;f
Клубна вулиця;820;f
Джерельна вулиця;821;f
Ковтуна вулиця;822;f
Шкіряна вулиця;823;f
Козакевича вулиця;824;f
Козлова вулиця;825;f
Козюлинська вулиця;826;f
Коксова вулиця;827;f
Коксовий провулок;828;f
Кокчетавська вулиця;829;f
Колесниченківська вулиця;830;f
Колективна вулиця;831;f
Колекторна вулиця;832;f
Коллонтай провулок;833;f
Колодязна вулиця;834;f
Колодязний провулок;835;f
Коломенська вулиця;836;f
Колонна вулиця;837;f
Колосиста вулиця;838;f
Колосистий провулок;839;f
Колгоспна вулиця;840;f
Кольський провулок;841;f
Кільцева вулиця;842;f
Кольцова в’їзд;843;f
Кольцовська вулиця;844;f
Корка Командарма вулиця;845;f
Уборевича Командарма вулиця;846;f
Комбайнівська вулиця;847;f
Комітетська вулиця;848;f
Комунальний провулок;849;f
Комуни вулиця;850;f
Комуни вулиця;851;f
Комсомольська вулиця;852;f
Комсомольський провулок;853;f
Комсомольське шосе;854;f
Кондукторська вулиця;855;f
Кондукторський провулок;856;f
Маршала Конєва вулиця;857;t
Коновалова вулиця;858;f
Конопляна вулиця;859;f
Конопляний проїзд;860;f
Конопляний провулок;861;f
Конотопська вулиця;862;f
Конотопський провулок;863;f
Костянтинівська вулиця;864;f
Конституції площа;865;f
Конструкторська вулиця;866;f
Конструкторський проїзд;867;f
Конюшенний провулок;868;f
Кооперативна вулиця;869;f
Коперника вулиця;870;f
Копиленка вулиця;871;f
Корнакова провулок;872;f
Коровченківський провулок;873;f
Короленка вулиця;874;f
Коростельська вулиця;875;f
Коростенський проїзд;876;f
Коростенський в’їзд;877;f
Короткий провулок;878;f
Корсиковський провулок;879;f
Корсунська вулиця;880;f
Корчагінців вулиця;881;f
Косіора проспект;882;f
Косіора провулок;883;f
Космічна вулиця;884;f
Космонавтів вулиця;885;f
Костомарівська вулиця;886;f
Костромська вулиця;887;f
Костромський провулок;888;f
Костичева вулиця;889;f
Котельна вулиця;890;f
Котельниківська вулиця;891;f
Котельний провулок;892;f
Котласька вулиця;893;f
Котлова вулиця;894;f
Котляревського вулиця;895;f
Котляревського вулиця;896;f
Котляри вулиця;897;f
Котовського провулок;898;f
Котовського вулиця;899;f
Кохання вулиця;900;f
Кошового вулиця;901;f
Кошового провулок;902;f
Кравцова переулок;903;f
Красіна вулиця;904;f
Червона вулиця;905;f
Червона Алея вулиця;906;f
Червона Поляна вулиця;907;f
Червоноармійська вулиця;908;f
Червоноармійський в’їзд;909;f
Червонобаварська вулиця;910;f
Красноводський провулок;911;f
Червоного Льотчика вулиця;912;f
Червоного Міліціонера вулиця;913;f
Красноградська вулиця;914;f
Краснодарська вулиця;915;f
Краснодарський проїзд;916;f
Краснодарський провулок;917;f
Червонодорожній провулок;918;f
Червонопрапорна вулиця;919;f
Червонозірська вулиця;920;f
Червоної Зірки вулиця;921;f
Червономаяцька вулиця;922;f
Червоножовтнева вулиця;923;f
Червоножовтнева вулиця;924;f
Червонопартизанська вулиця;925;f
Червонопартизанський проїзд;926;f
Краснопільська вулиця;927;f
Краснопільський провулок;928;f
Красносільська вулиця;929;f
Червоностудентський в’їзд;930;f
Червоностудентський провулок;931;f
Червонофлотська вулиця;932;f
Червоношкільна набережна;933;f
Красноярська вулиця;934;f
Красноярський провулок;935;f
Червоний в’їзд;936;f
Червоний Промінь вулиця;937;f
Крейсер Аврора провулок;938;t
Крейсера Аврора вулиця;939;t
Кременівська вулиця;940;f
Кременчуцька вулиця;941;f
Селянський провулок;942;f
Кривоконівська вулиця;943;f
Кривоконівський провулок;944;f
Кривомазова провулок;945;f
Кривомазова вулиця;946;f
Криворізька вулиця;947;f
Кромська вулиця;948;f
Кронштадтська вулиця;949;f
Кронштадтський провулок;950;f
2-й Жовтневий в’їзд;951;t
Кропивницького провулок;952;f
Кропивницького вулиця;953;f
Кругова вулиця;954;f
Крупської вулиця;955;f
Крупської набережна;956;f
Крутогірський провулок;957;f
Крутий провулок;958;f
Крилова провулок;959;f
Крилова вулиця;960;f
Кримська вулиця;961;f
Крюківська вулиця;962;f
Кубанська вулиця;963;f
Кубраківський провулок;964;f
Кузнецька вулиця;965;f
Кузнецький в’їзд;966;f
Кузнецький провулок;967;f
Ковальська вулиця;968;f
Ковальський провулок;969;f
Куйбишева вулиця;970;f
Куйбишева провулок;971;f
Кулібіна провулок;972;f
Кульбицький провулок;973;f
Культкомівський провулок;974;f
Культури вулиця;975;f
Куп’янська вулиця;976;f
Курахівська вулиця;977;f
Курганський провулок;978;f
Курський провулок;979;f
Куряжанська вулиця;980;f
Куряжанський в’їзд;981;f
Куряжанський провулок;982;f
Кустанайський провулок;983;f
Кустанайський проїзд;984;f
Кутова вулиця;985;f
Кутузовська вулиця;986;f
Куусинська вулиця;987;f
Лагерна вулиця;988;f
Лагерний проїзд;989;f
Лагерний провулок;990;f
Ладозький провулок;991;f
Ладигіна в’їзд;992;f
Лазківський провулок;993;f
Лазо вулиця;994;f
Латвійська вулиця;995;f
Латвійський провулок;996;f
Латиських Червоних Стрільців вулиця;997;f
Лафарга провулок;998;f
Лафарга вулиця;999;f
Лебедєва вулиця;1000;f
Лебедєва-Кумача вулиця;1001;f
Лебединська вулиця;1002;f
Ліднянський провулок;1003;f
Ліднянський в’їзд;1004;f
Шмідта Лейтенанта вулиця;1005;f
Лелюківська вулиця;1006;f
Трипільський провулок;1007;f
Леніна проспект;1008;f
Леніна вулиця;1009;f
Ленінградська вулиця;1010;f
Ленінська вулиця;1011;f
Ленкоранська вулиця;1012;f
Лермонтовська вулиця;1013;f
Українки Лесі вулиця;1014;f
Лісова вулиця;1015;f
Лісозахисна вулиця;1016;f
Лісозахисний провулок;1017;f
Лісопаркова вулиця;1018;f
Чайкіної Лізи вулиця;1019;f
Лиманська вулиця;1020;f
Лиманський провулок;1021;f
Лінійний провулок;1022;f
Липецька вулиця;1023;f
Лисичанська вулиця;1024;f
Листяний провулок;1025;f
Лобачевського вулиця;1026;f
Лодзинська вулиця;1027;f
Лозівська вулиця;1028;f
Локомотивна вулиця;1029;f
Ломоносова вулиця;1030;f
Ломоносова в’їзд;1031;f
Ломоносова провулок;1032;f
Лопанська вулиця;1033;f
Лопанський провулок;1034;f
Лопатинський провулок;1035;f
Лосівський провулок;1036;f
Луганська вулиця;1037;f
Луговий провулок;1038;f
Лугівська вулиця;1039;f
Лугівський провулок;1040;f
Лугопаркова вулиця;1041;f
Луї Пастера проїзд;1042;f
Луї Пастера вулиця;1043;f
Луї Пастера провулок;1044;f
Лук’янівська вулиця;1045;f
Луначарського вулиця;1046;f
Лиса вулиця;1047;f
Лисенка вулиця;1048;f
Лисогірський провулок;1049;f
Толстого Льва вулиця;1050;f
Льговська вулиця;1051;f
Люботинський провулок;1052;f
Людвіка Свободи проспект;1053;f
Люсинська вулиця;1054;f
Лютовська вулиця;1055;f
Убийвовк Лялі вулиця;1056;f
1-й Удянський в’їзд;1057;t
Магаданська вулиця;1058;f
Магістральна вулиця;1059;f
Магнітогорська вулиця;1060;f
Майкова в’їзд;1061;f
Майкопська вулиця;1062;f
Майкопський провулок;1063;f
Травневий проїзд;1064;f
Макаренка вулиця;1065;f
Макарова вулиця;1066;f
Макіївська вулиця;1067;f
2-й Макіївський в’їзд;1068;t
Маковського провулок;1069;f
Маковського вулиця;1070;f
Горького Максима в’їзд;1071;f
Малинівська вулиця;1072;f
Малиновського вулиця;1073;f
Малогончарівська вулиця;1074;f
Маломосковська вулиця;1075;f
Малом’ясницька вулиця;1076;f
Малопанасівська вулиця;1077;f
Малишева вулиця;1078;f
Малишева провулок;1079;f
Маневровий провулок;1080;f
Монюшко вулиця;1081;f
Маргариновий провулок;1082;f
Кисляк Марії вулиця;1083;f
Маріупольський провулок;1084;f
Вовчок Марко вулиця;1085;f
Марселя Кашена вулиця;1086;f
Маршака в’їзд;1087;f
Маршака провулок;1088;f
Маршака вулиця;1089;f
Маршала Бажанова вулиця;1090;t
Маршала Батицького вулиця;1091;t
Маршала Жукова проспект;1092;t
Маршала Рибалко вулиця;1093;t
Мар’їнська вулиця;1094;f
Масивна вулиця;1095;f
Матюшенка вулиця;1096;f
Машиністів провулок;1097;f
Машиністів вулиця;1098;f
Машинобудівна вулиця;1099;f
Машинобудівний провулок;1100;f
Маяковського вулиця;1101;f
Міжнародна вулиця;1102;f
Межлаука вулиця;1103;f
Мельникова вулиця;1104;f
Менделєєва вулиця;1105;f
Менжинського вулиця;1106;f
Мерефянське шосе;1107;f
Місцева вулиця;1108;f
Металіста вулиця;1109;f
Металіста провулок;1110;f
Металургійна вулиця;1111;f
Метизний провулок;1112;f
Метробудівський провулок;1113;f
Метробудівельників вулиця;1114;f
Механізаторська вулиця;1115;f
Механічний провулок;1116;f
Міліціонера вулиця;1117;f
Міліціонера провулок;1118;f
Мінераловодська вулиця;1119;f
Мінеральна вулиця;1120;f
Мініна вулиця;1121;f
Мінська вулиця;1122;f
Мінський провулок;1123;f
Миру вулиця;1124;f
Гаркуші вулиця;1125;f
Миргородська вулиця;1126;f
Мирна вулиця;1127;f
Миролюбива вулиця;1128;f
Мироносицька вулиця;1129;f
Мітингова вулиця;1130;f
Мітинговий провулок;1131;f
Митрофанівська вулиця;1132;f
Митрофанівський провулок;1133;f
Михайлівська вулиця;1134;f
Мічуріна набережна;1135;f
Мічуріна вулиця;1136;f
Мічуріна провулок;1137;f
Могилівська вулиця;1138;f
Могилівський провулок;1139;f
Мийна вулиця;1140;f
Можайська вулиця;1141;f
Мозирський провулок;1142;f
Молодіжна вулиця;1143;f
Молодіжна вулиця;1144;f
Молодогвардійська вулиця;1145;f
Молодої Гвардії вулиця;1146;f
Мовчанівський провулок;1147;f
Монгольський провулок;1148;f
Монтажна вулиця;1149;f
Моріса Тореза вулиця;1150;f
Морозова вулиця;1151;f
Моршанська вулиця;1152;f
Моршанський провулок;1153;f
Москвіна провулок;1154;f
Московська вулиця;1155;f
Московський проспект;1156;f
Моторна вулиця;1157;f
Мохначанська вулиця;1158;f
Мохначанський в’їзд;1159;f
Моцарта вулиця;1160;f
Музична вулиця;1161;f
Муравйова вулиця;1162;f
Муранова вулиця;1163;f
Мурманська вулиця;1164;f
Мурмилівський провулок;1165;f
Муромська вулиця;1166;f
Муромський провулок;1167;f
Мусоргського провулок;1168;f
Набережна вулиця;1169;f
Нарвська вулиця;1170;f
Нагарна вулиця;1171;f
Надбірний провулок;1172;f
Надєждинська вулиця;1173;f
Нанайський провулок;1174;f
Наріманова вулиця;1175;f
Народна вулиця;1176;f
Народовладдя вулиця;1177;f
Нарофомінська вулиця;1178;f
Ужвій Наталії вулиця;1179;f
Наумівська вулиця;1180;f
Нахімова вулиця;1181;f
Нахімова провулок;1182;f
Нахічеванський провулок;1183;f
Небоженко вулиця;1184;f
Невельська вулиця;1185;f
Невельський проїзд;1186;f
Невельський провулок;1187;f
Ніжинська вулиця;1188;f
Незаможний провулок;1189;f
Некрасова вулиця;1190;f
Німанська вулиця;1191;f
Немишлянська вулиця;1192;f
Немишлянська набережна;1193;f
Нестерова вулиця;1194;f
Нетеченська вулиця;1195;f
Нетеченська набережна;1196;f
Нетеченський бульвар;1197;f
Нехаєнка вулиця;1198;f
Нечаївський провулок;1199;f
Нижньогіївська вулиця;1200;f
Нижегородська вулиця;1201;f
Нижній провулок;1202;f
Нижня вулиця;1203;f
Низова вулиця;1204;f
Никитенка вулиця;1205;f
Нікітінський провулок;1206;f
Нікітіна вулиця;1207;f
Ізотова Микити вулиця;1208;f
Ніколаєва вулиця;1209;f
Ніконівська вулиця;1210;f
Ніконівський провулок;1211;f
2-й Удянський в’їзд;1212;t
Нова вулиця;1213;f
Новгородська вулиця;1214;f
Новоолександрівська вулиця;1215;f
Новоолексіївська вулиця;1216;f
Новобакинська вулиця;1217;f
Новодаргомижська вулиця;1218;f
Новодесятисаженна вулиця;1219;f
Новожанівська вулиця;1220;f
Новожанівський провулок;1221;f
Новожанівський в’їзд;1222;f
Новоісаївський провулок;1223;f
Новокомсомольська вулиця;1224;f
Новоконопляний провулок;1225;f
Новомирна вулиця;1226;f
Новомирська вулиця;1227;f
Новомирський провулок;1228;f
Новомосковська вулиця;1229;f
Новомосковська вулиця;1230;f
Новоселищна вулиця;1231;f
Новоселищний проїзд;1232;f
Новоселищний провулок;1233;f
Новоприміська вулиця;1234;f
Новоприміський в’їзд;1235;f
Новоприміський провулок;1236;f
Новопроектна вулиця;1237;f
Новопроектна вулиця;1238;f
Новопролетарська вулиця;1239;f
Новопрудна вулиця;1240;f
Новорубанівський провулок;1241;f
Новоселівська вулиця;1242;f
Новосибірська вулиця;1243;f
Новохарківська вулиця;1244;f
Новочеркаська вулиця;1245;f
Новочеркаський провулок;1246;f
Новошишковська вулиця;1247;f
Новий Побут провулок;1248;f
Новий Побут вулиця;1249;f
Ногайський провулок;1250;f
Ногіна вулиця;1251;f
Ногіна провулок;1252;f
Ньютона вулиця;1253;f
Обоянська вулиця;1254;f
Обхідний провулок;1255;f
Яружна вулиця;1256;f
Вівсяний провулок;1257;f
Огарьова вулиця;1258;f
Одеська вулиця;1259;f
Одоєвський провулок;1260;f
Озерна вулиця;1261;f
Озерний провулок;1263;f
Окорокова вулиця;1264;f
Окружна дорога;1265;f
Жовтнева вулиця;1266;f
Жовтневий провулок;1267;f
1-й Жовтневий в’їзд;1268;t
Жовтневої Революції вулиця;1269;f
Гончара Олеся вулиця;1270;f
Олімпійська вулиця;1271;f
Ольгинська вулиця;1272;f
Ольгинський в’їзд;1273;f
Ольминського вулиця;1274;f
Омська вулиця;1275;f
Онєгінський провулок;1276;f
Онезька вулиця;1277;f
Оранжерейна вулиця;1278;f
Орджонікідзе проспект;1279;f
Оренбурзька вулиця;1280;f
Горіхівська вулиця;1281;f
Орловська вулиця;1282;f
Орловський провулок;1283;f
Орська вулиця;1284;f
Орський провулок;1285;f
Оршанський провулок;1286;f
Визволення вулиця;1287;f
Осетинська вулиця;1288;f
Осетинський провулок;1289;f
Осипенко вулиця;1290;f
Осипенко провулок;1291;f
Основ’янська набережна;1292;f
Нечуя-Левицького вулиця;1293;f
Основ’янська вулиця;1294;f
Основ’янський провулок;1296;f
Вишні Остапа вулиця;1297;f
Островського в’їзд;1298;f
Островського вулиця;1299;f
Острогозька вулиця;1300;f
Остроградський провулок;1301;f
Отакара Яроша вулиця;1302;f
Отакара Яроша провулок;1303;f
Шмідта Отто вулиця;1304;f
Офіцерська вулиця;1305;f
Охотська вулиця;1306;f
Охтинський проїзд;1307;f
Очаківська вулиця;1308;f
Очаківський провулок;1309;f
Дибенка Павла вулиця;1310;f
Дибенка Павла провулок;1311;f
Павленківський провулок;1312;f
Миру бульвар;1313;f
Павлівська вулиця;1314;f
Мирного Панаса провулок;1315;f
Панфіловців вулиця;1316;f
Парашутистів вулиця;1317;f
Паризької Комуни вулиця;1318;f
Паркова вулиця;1319;f
Паровозна вулиця;1320;f
Партизанська вулиця;1321;f
Пархоменка вулиця;1322;f
Пархоменка провулок;1323;f
Пасіонарії узвіз;1324;f
Пахаря вулиця;1325;f
Пахаря провулок;1326;f
Пащенківська вулиця;1327;f
Першотравневий провулок;1328;f
Переїзна вулиця;1329;f
Перекопська вулиця;1330;f
Перекопський провулок;1331;f
Перехресна вулиця;1332;f
Переяславська вулиця;1333;f
Переяславська вулиця;1334;f
Пермська вулиця;1335;f
Пестеля вулиця;1336;f
Піщана вулиця;1337;f
Піщана набережна;1338;f
Піщаний в’їзд;1339;f
Піщаний провулок;1340;f
Піщаний провулок;1341;f
Алексєєва Петра вулиця;1342;f
Набойченка Петра вулиця;1343;f
Слинька Петра вулиця;1344;f
Ширяєва Петра вулиця;1345;f
Петрашівський провулок;1346;f
Петрівський провулок;1347;f
Петровського вулиця;1348;f
Перовської вулиця;1349;f
Петрозаводська вулиця;1350;f
Петрозаводський провулок;1351;f
Піхотна вулиця;1352;f
Піхотний провулок;1353;f
Печенізька вулиця;1354;f
Печорська вулиця;1355;f
Печорський провулок;1356;f
Пєшкова вулиця;1357;f
Піонера в’їзд;1358;f
Піонерська вулиця;1359;f
Пирогова вулиця;1360;f
Писарєва вулиця;1361;f
Писемського вулиця;1362;f
Писемського провулок;1363;f
Пискунівський провулок;1364;f
Планерна вулиця;1365;f
Планерний провулок;1366;f
Планетна вулиця;1367;f
Планова вулиця;1368;f
Пластичний провулок;1369;f
Плетнівський провулок;1370;f
Плехановська вулиця;1371;f
Плехановський провулок;1372;f
Плиточна вулиця;1373;f
Плиточний провулок;1374;f
Плиточний проїзд;1375;f
Плиточний тупік;1376;f
Плиточний в’їзд;1377;f
Плодовий в’їзд;1378;f
Родюча вулиця;1379;f
Родючий провулок;1380;f
Переможців провулок;1381;f
Переможців вулиця;1382;f
Переможна вулиця;1383;f
Перемоги проспект;1384;f
Потебні вулиця;1385;f
Прикордонна вулиця;1386;f
Підвітряний провулок;1387;f
Підгірна вулиця;1388;f
Підлісна вулиця;1389;f
Підривний провулок;1390;f
Соняшниковий вулиця;1391;f
Соняшниковий в’їзд;1392;f
Соняшниковий провулок;1393;f
Підшипникова вулиця;1394;f
Підшипниковий провулок;1395;f
Підйомна вулиця;1396;f
Пожарського вулиця;1397;f
Познанська вулиця;1398;f
Польова вулиця;1399;f
Польова вулиця;1400;f
Польовий провулок;1401;f
Полєжаєва вулиця;1402;f
Ползунова провулок;1403;f
Поліграфічна вулиця;1404;f
Політехнічна вулиця;1405;f
Половецька вулиця;1406;f
Полтавська вулиця;1407;f
Полтавський Шлях вулиця;1408;f
Полтавський провулок;1409;f
Полярна вулиця;1410;f
Пом’яловського вулиця;1411;f
Понамарівська вулиця;1412;f
Пономарівська вулиця;1413;f
Пономарівський провулок;1414;f
Пономаренківський в’їзд;1415;f
Пономаренківський проїзд;1416;f
Пономаренківський провулок;1417;f
Попова провулок;1418;f
Портова вулиця;1419;f
Посівкомівська вулиця;1420;f
Постишева проспект;1421;f
Потапенка вулиця;1422;f
Потьомкіна вулиця;1423;f
Поштовий провулок;1424;f
Правдинська вулиця;1425;f
Правди проспект;1426;f
Пржевальського вулиця;1427;f
Приамурська вулиця;1428;f
Приамурський в’їзд;1429;f
Привокзальна вулиця;1430;f
Привокзальний провулок;1431;f
Покотилівський провулок;1432;f
Примакова вулиця;1433;f
Примірівська вулиця;1434;f
Приходьківська вулиця;1435;f
Прогрес вулиця;1436;f
Прогресивна вулиця;1437;f
Прогресивний провулок;1438;f
Поздовжня вулиця;1439;f
Поздовжня вулиця;1440;f
Проїжджий провулок;1441;f
Проектна вулиця;1442;f
Проектна вулиця;1443;f
Виробнича вулиця;1444;f
Пролетарська вулиця;1445;f
Пролетарська вулиця;1446;f
Пролетарська площа;1447;f
Пролетарський узвіз;1448;f
Променистий провулок;1449;f
Прорізна вулиця;1450;f
Проскуровська вулиця;1451;f
Проспектна вулиця;1452;f
Професорська вулиця;1453;f
Профінтерну вулиця;1454;f
Профспілкова вулиця;1455;f
Профспілковий бульвар;1456;f
Ставковий провулок;1457;f
Псковська вулиця;1458;f
Пулківська набережна;1459;f
Пулківська вулиця;1460;f
Пулківський провулок;1461;f
Путивльська вулиця;1462;f
Путивльський в’їзд;1463;f
Путивльський провулок;1464;f
Пушкарівська вулиця;1465;f
Селявкіна вулиця;1466;f
Пушкіна вулиця;1467;f
Пушкінська вулиця;1468;f
Пушкінський в’їзд;1469;f
П’ятигорський провулок;1470;f
П’ятисотницька вулиця;1471;f
П’ятихатська вулиця;1472;f
Робкорівська вулиця;1473;f
Радіотехнічна вулиця;1474;f
Радіотехнічний провулок;1475;f
Радіщева вулиця;1476;f
Роздільський провулок;1477;f
Райгородська вулиця;1478;f
Райгородський провулок;1479;f
Райкомівська вулиця;1480;f
Райрадівський провулок;1481;f
Раскової вулиця;1482;f
Ревкомівська вулиця;1483;f
Революції провулок;1484;f
Революції вулиця;1485;f
Революції 1905 року вулиця;1486;f
Реєстраторська вулиця;1487;f
Резервна вулиця;1488;f
Резервний провулок;1489;f
Рекордний провулок;1490;f
Рельєфна вулиця;1491;f
Ремісничий провулок;1492;f
Рєпіна вулиця;1493;f
Речицький провулок;1494;f
Річкова вулиця;1495;f
Річковий провулок;1496;f
Решетєєва вулиця;1497;f
Решетниковський провулок;1498;f
Ржевський провулок;1499;f
Ризький провулок;1500;f
Робесп’єра провулок;1501;f
Робесп’єра вулиця;1502;f
Роганська вулиця;1503;f
Роганський проїзд;1504;f
Роганський провулок;1505;f
Рогатинський провулок;1506;f
Рогатинський в’їзд;1507;f
Джерельна вулиця;1508;f
Джерельна вулиця;1509;f
Рози Люксембург площа;1510;f
Ромашкіна вулиця;1511;f
Ромена Роллана вулиця;1512;f
Роменська вулиця;1513;f
Роменський провулок;1514;f
Ростовська вулиця;1515;f
Ростовська вулиця;1516;f
Рохманівський провулок;1517;f
Рубанівська вулиця;1518;f
Рубіжанський провулок;1519;f
Рудаківська вулиця;1520;f
Руднєва провулок;1521;f
Руднєва вулиця;1522;f
Руднєва площа;1523;f
Рудинська вулиця;1524;f
Руднична вулиця;1525;f
Рудничний в’їзд;1526;f
Руставелі вулиця;1527;f
Руставелі провулок;1528;f
Рибасівська вулиця;1529;f
Рибасівський провулок;1530;f
Рибна площа;1531;f
Рилєєва вулиця;1532;f
Рилєєвський провулок;1533;f
Римарська вулиця;1534;f
Горобинова вулиця;1535;f
Рязанська вулиця;1536;f
Сагайдачного вулиця;1537;f
Садова вулиця;1538;f
Садова вулиця;1539;f
Садово-Набережна вулиця;1540;f
Садовський провулок;1541;f
Садовий провулок;1542;f
Садовий провулок;1543;f
Садовий проїзд;1544;f
Саксаганського провулок;1545;f
Саксаганського вулиця;1546;f
Салтівський провулок;1547;f
Салтівське шосе;1548;f
Салтикова-Щедріна вулиця;1549;f
Самаркандська вулиця;1550;f
Самарська вулиця;1551;f
Самодіяльна вулиця;1552;f
Літакова вулиця;1553;f
Санжарівська вулиця;1554;f
Санжарівський провулок;1555;f
Сапельникова провулок;1556;f
Саперна вулиця;1557;f
Саперний провулок;1558;f
Саратовська вулиця;1559;f
Саржинська вулиця;1560;f
Сахалінська вулиця;1561;f
Сватівська вулиця;1562;f
Світло Шахтаря провулок;1563;f
Світло Шахтаря вулиця;1564;f
Світланівська вулиця;1565;f
Світла вулиця;1566;f
Свинаренка Петра вулиця;1567;f
Свірська вулиця;1568;f
Свободи площа;1569;f
Зв’язку вулиця;1570;f
Севастопольська вулиця;1571;f
Північна вулиця;1572;f
Північнокавказька вулиця;1573;f
Північнокавказький в’їзд;1574;f
Сєверодонецька вулиця;1575;f
Сєверодонецький провулок;1576;f
Сєдова провулок;1577;f
Сєдова вулиця;1578;f
Селекційна вулиця;1579;f
Сількорівський провулок;1580;f
Сільськогосподарська вулиця;1581;f
Селянська вулиця;1582;f
Семафорна вулиця;1583;f
Семафорний в’їзд;1584;f
Семафорний провулок;1585;f
Семафорний провулок;1586;f
Челюскіна Семена вулиця;1587;f
Семиградська вулиця;1588;f
Семиградський провулок;1589;f
Семиградський в’їзд;1590;f
Сінна вулиця;1591;f
Серафимовича вулиця;1592;f
Сербиченка вулиця;1593;f
Грицевця Сергія бульвар;1594;f
Єсеніна Сергія вулиця;1595;f
Тархова Сергія вулиця;1596;f
Тюленіна Сергія вулиця;1597;f
Сержантська вулиця;1598;f
Сіриківська вулиця;1599;f
Сіриківський провулок;1600;f
Серп і Молот провулок;1601;f
Серп і Молот вулиця;1602;f
Серпова вулиця;1603;f
Сестроріцький провулок;1604;f
Сєченова вулиця;1605;f
Сибірська вулиця;1606;f
Сибірський провулок;1607;f
Сиваська вулиця;1608;f
Сіверса в’їзд;1609;f
Сіверська вулиця;1610;f
Синельникова вулиця;1611;f
Ковпака Сидора вулиця;1612;f
Сімферопольська вулиця;1614;f
Сімферопольський провулок;1615;f
Сімферопольське шосе;1616;f
Синявіна вулиця;1617;f
Скадовського провулок;1618;f
Скобелівська вулиця;1619;f
Сковородинська вулиця;1620;f
Швидкісна вулиця;1621;f
Швидкісний в’їзд;1622;f
Скорохода вулиця;1623;f
Скрипника вулиця;1624;f
Слави проспект;1625;f
Слов’янська вулиця;1626;f
Слобожанська вулиця;1627;f
Словацький провулок;1628;f
Московський проїзд;1629;f
Смілянська вулиця;1630;f
Смирновська вулиця;1631;f
Смоленська вулиця;1632;f
Смоленський провулок;1633;f
Смольна вулиця;1634;f
Сніжківська вулиця;1635;f
Собінова вулиця;1636;f
Радянська вулиця;1637;f
Радянський провулок;1638;f
Раднаркомівська вулиця;1639;f
Радгоспна вулиця;1640;f
Радгоспний провулок;1641;f
Воз’єднання вулиця;1642;f
Соїча вулиця;1643;f
Соколова провулок;1644;f
Соколова вулиця;1645;f
Соколова вулиця;1646;f
Соколівський провулок;1647;f
Сокольнична вулиця;1648;f
Солдатська вулиця;1649;f
Солдатський провулок;1650;f
Шевченківський провулок;1651;f
Сонячна вулиця;1652;f
Сонячногірська вулиця;1653;f
Сонячний провулок;1654;f
Солярний провулок;1655;f
Сомівська вулиця;1656;f
Змагання вулиця;1657;f
Сорочинська вулиця;1658;f
Подборовская вулиця;1659;f
Соснова вулиця;1660;f
Абаканський провулок;1661;f
Софіївська вулиця;1662;f
Соціалістична вулиця;1663;f
Сочинська вулиця;1664;f
Союзна вулиця;1665;f
Спартака вулиця;1666;f
Спиридонівська вулиця;1667;f
Спортивна вулиця;1668;f
Спортивна вулиця;1669;f
Спортивний провулок;1670;f
Середньоуральська вулиця;1671;f
Середньоуральський в’їзд;1672;f
Середньоуральський провулок;1673;f
Стадіонний проїзд;1674;f
Станіславського провулок;1675;f
Верстатна вулиця;1676;f
Верстатний провулок;1677;f
Старицького вулиця;1678;f
Старобільський провулок;1679;f
Старова вулиця;1680;f
Староверещаківська вулиця;1681;f
Старогригорівська вулиця;1682;f
Стародесятисаженна вулиця;1683;f
Стародубська вулиця;1684;f
Старокримський в’їзд;1685;f
Старокримська вулиця;1686;f
Старомалооснов’янська вулиця;1687;f
Старомосковська вулиця;1688;f
Староставкова вулиця;1689;f
Старошишківська вулиця;1690;f
Стаханівська вулиця;1691;f
Разіна Степана вулиця;1692;f
Степанівський провулок;1693;f
Степова вулиця;1694;f
Степовий провулок;1695;f
Стефенсона вулиця;1696;f
Столєтова вулиця;1697;f
Стрілецький провулок;1698;f
Будівельна вулиця;1699;f
Будівельний провулок;1700;f
Струницький провулок;1701;f
Студентська вулиця;1702;f
Суворова вулиця;1703;f
Суздальські Ряди вулиця;1704;f
Сумгаїтська вулиця;1705;f
Сумська вулиця;1706;f
Сурикова провулок;1707;f
Сусаніна провулок;1708;f
Сусаніна вулиця;1709;f
Сухарівська вулиця;1710;f
Сухарівський провулок;1711;f
Сухумська вулиця;1712;f
Сучасна вулиця;1713;f
Сущенська вулиця;1714;f
Щаслива вулиця;1715;f
Щасливий провулок;1716;f
Сирзанський провулок;1717;f
Сичевський провулок;1718;f
Таганська вулиця;1719;f
Таганський провулок;1720;f
Тагильська вулиця;1721;f
Тагильський провулок;1722;f
Таджицька вулиця;1723;f
Таймирська вулиця;1724;f
Таманський провулок;1725;f
Танєєва вулиця;1726;f
Танкова вулиця;1727;f
Танкопія провулок;1728;f
Танкопія вулиця;1729;f
Тарасівська вулиця;1730;f
Тарасівський провулок;1731;f
Таращанська вулиця;1732;f
Тархановський провулок;1733;f
Тетянівський провулок;1734;f
Тахіатаська вулиця;1735;f
Ташкентська вулиця;1736;f
Ташкентський провулок;1737;f
Тбіліський провулок;1738;f
Тверська вулиця;1739;f
Театральний провулок;1740;f
Тевелєва вулиця;1741;f
Текстильна вулиця;1742;f
Тельмана вулиця;1743;f
Тепловозна вулиця;1744;f
Тернопільська вулиця;1745;f
Технічна вулиця;1746;f
Технічний провулок;1747;f
Тимірязєва вулиця;1748;f
Тимірязєва провулок;1749;f
Тимурівців вулиця;1750;f
Тинякова вулиця;1751;f
Тираспільська вулиця;1752;f
Титаренківський провулок;1753;f
Титова вулиця;1754;f
Тихий провулок;1755;f
Ткаченківська вулиця;1756;f
Тобольська вулиця;1757;f
Товариський провулок;1758;f
Токарівський провулок;1759;f
Толбухіна вулиця;1760;f
Томаковський провулок;1761;f
Томська вулиця;1762;f
Томський провулок;1763;f
Тополева вулиця;1764;f
Топчиєвський провулок;1765;f
Торгова вулиця;1766;f
Торговий в’їзд;1767;f
Тракторна вулиця;1768;f
Трансформаторна вулиця;1769;f
Трансформаторний проїзд;1770;f
Трансформаторний провулок;1771;f
Третя вулиця;1772;f
Трінклера в’їзд;1773;f
Трінклера вулиця;1774;f
Тропініна вулиця;1775;f
Трофимівський провулок;1776;f
Трубна вулиця;1777;f
Трубний провулок;1778;f
Трубний в’їзд;1779;f
Праці вулиця;1780;f
Праці провулок;1781;f
Трудова вулиця;1782;f
Трудящих вулиця;1783;f
Труфанова вулиця;1784;f
Турбінна вулиця;1785;f
Турбінний проїзд;1786;f
Турбогенераторна вулиця;1787;f
Туркестанська вулиця;1788;f
Туркестанський провулок;1789;f
Тухачевського вулиця;1790;f
Тюменський провулок;1791;f
Тянь-Шанська вулиця;1792;f
Углицький провулок;1793;f
Удмуртська вулиця;1794;f
Удмуртський провулок;1795;f
Удянська вулиця;1796;f
Удянський провулок;1797;f
Удянський проїзд;1798;f
Ужгородський проїзд;1799;f
Узбецький провулок;1800;f
Українська вулиця;1801;f
Громової Уляни вулиця;1802;f
Уманська вулиця;1803;f
Унеченська вулиця;1804;f
Унеченський провулок;1805;f
Університетська вулиця;1806;f
Уральська вулиця;1807;f
Уральський провулок;1808;f
Урицького вулиця;1809;f
Урожайна вулиця;1810;f
Садибна вулиця;1811;f
Садибний в’їзд;1812;f
Усовський провулок;1813;f
Вчительський провулок;1814;f
Ушакова вулиця;1815;f
Ушинського провулок;1816;f
Ушинського вулиця;1817;f
Фабріціуса вулиця;1818;f
Фасадна вулиця;1819;f
Кубасова Федора вулиця;1820;f
Руденка Федора вулиця;1821;f
Федорівська вулиця;1822;f
Фейєрбаха вулиця;1823;f
Фейєрбаха площа;1824;f
Фейєрбаха провулок;1825;f
Фельдшерська вулиця;1826;f
Феодосійська вулиця;1827;f
Ферганська вулиця;1828;f
Ферганський провулок;1829;f
Фесенківська вулиця;1830;f
Фестивальна вулиця;1831;f
Фестивальний провулок;1832;f
Фізкультурна вулиця;1833;f
Фізкультурний провулок;1834;f
Пилипівська вулиця;1835;f
Фонвізіна вулиця;1836;f
Франківська вулиця;1837;f
Франківський провулок;1838;f
Франтішека Крала вулиця;1839;f
Фронтова вулиця;1840;f
Фронтовиків бульвар;1841;f
Фруктовий провулок;1842;f
Фрунзе в’їзд;1843;f
Фрунзе проспект;1844;f
Фрунзе вулиця;1845;f
Фурманова вулиця;1846;f
Хабарова вулиця;1847;f
Хабаровська вулиця;1848;f
Хабаровський провулок;1849;f
Халтуріна вулиця;1850;f
Халтуріна провулок;1851;f
Халтуріна узвіз;1852;f
Харківська вулиця;1853;f
Харківська набережна;1854;f
Харківських Дивізій вулиця;1855;f
Хасанський провулок;1856;f
Хатишівський провулок;1857;f
Херсонська вулиця;1858;f
Хліборобна вулиця;1859;f
Холмогорська вулиця;1860;f
Хорольська вулиця;1861;f
Хорошівський провулок;1862;f
Храмова вулиця;1863;f
Кришталевий провулок;1864;f
ХТЗ вулиця;1865;f
Хуторянська вулиця;1866;f
Хемзівська вулиця;1867;f
Квіткова вулиця;1868;f
Квітковий в’їзд;1869;f
Квітуча вулиця;1870;f
Цезаря Кюі вулиця;1871;f
Цілинна вулиця;1872;f
Цілиноградська вулиця;1873;f
Цементна вулиця;1874;f
Цепківська вулиця;1875;f
Цехівська вулиця;1876;f
Цигарівський провулок;1877;f
Ціолковського провулок;1878;f
Ціолковського в’їзд;1879;f
Цитівська вулиця;1880;f
Цюрюпи вулиця;1881;f
Чаадаєва провулок;1882;f
Чаадаєва вулиця;1883;f
Чайковського вулиця;1884;f
Чапаєва вулиця;1885;f
Чапаєва набережна;1886;f
Чебоксарський провулок;1887;f
Чоботарська вулиця;1888;f
Чебишева вулиця;1889;f
Чебишева провулок;1890;f
Челюскінців в’їзд;1891;f
Челюскінців вулиця;1892;f
Челябінська вулиця;1893;f
Чередниченківський провулок;1894;f
Черемушна вулиця;1895;f
Черемушної провулок;1896;f
Черемушний вулиця;1897;f
Черепанових вулиця;1898;f
Черкаська вулиця;1899;f
Чернігівська вулиця;1900;f
Чернігівський проїзд;1901;f
Чернігівський провулок;1902;f
Черникова вулиця;1903;f
Чернівецька вулиця;1904;f
Чорноземна вулиця;1905;f
Чорноморська вулиця;1906;f
Чорноморський провулок;1907;f
Чернишевського вулиця;1908;f
Черняховського вулиця;1909;f
Четвертий провулок;1910;f
Лазківка вулиця;1911;f
Чехова вулиця;1912;f
Чигіріна вулиця;1913;f
Чкалова в’їзд;1914;f
Чкалова вулиця;1915;f
Чубаря вулиця;1916;f
Чуваська вулиця;1917;f
Чугуївська вулиця;1918;f
Чукотська вулиця;1919;f
Чукотський провулок;1920;f
Шаляпіна вулиця;1921;f
Шарикова вулиця;1922;f
Шариковий в’їзд;1923;f
Шариковий проїзд;1924;f
Шаумяна вулиця;1925;f
Шахтарська вулиця;1926;f
Шевченка вулиця;1927;f
Шекспіра провулок;1928;f
Шекспіра вулиця;1929;f
Шепетівська вулиця;1930;f
Шепетівський провулок;1931;f
Шестопарк провулок;1932;f
Шестопарк вулиця;1933;f
Широніна вулиця;1934;f
Шишкинський провулок;1935;f
Шишковська вулиця;1936;f
Шишковський провулок;1937;f
Шліхтера вулиця;1938;f
Шлюзова вулиця;1939;f
Шолом-Алейхема вулиця;1940;f
Шосткінська вулиця;1941;f
Шосткінський провулок;1942;f
Шпаківський провулок;1943;f
Шполянська вулиця;1944;f
Штерівська вулиця;1945;f
Штормова вулиця;1946;f
Шумана вулиця;1947;f
Шумана провулок;1948;f
Щедринська вулиця;1949;f
Щербакова вулиця;1950;f
Щигрівська вулиця;1951;f
Щорса провулок;1952;f
Щорса вулиця;1953;f
Евенський провулок;1954;f
Ейдемана вулиця;1955;f
Електровозна вулиця;1956;f
Електровозний проїзд;1957;f
Електроінструментальний провулок;1958;f
Електромеханічний провулок;1959;f
Енгельса вулиця;1960;f
Енергетична вулиця;1961;f
Ентузіастів вулиця;1962;f
Естакадна вулиця;1963;f
Естакадний в’їзд;1964;f
Південна вулиця;1965;f
Південно-Проектна вулиця;1966;f
Юмашева вулиця;1967;f
Юмтовський провулок;1968;f
Юннатів вулиця;1969;f
Юного Ленінця вулиця;1970;f
Юності вулиця;1971;f
Юнацька вулиця;1972;f
Юнацький в’їзд;1973;f
Юридична вулиця;1974;f
Юр’ївська вулиця;1975;f
Юр’ївський провулок;1976;f
Скурідіна посьолок вулиця;1977;f
Яблуневий проїзд;1978;f
Яблуневий провулок;1979;f
Яблочкіна провулок;1980;f
Яблочкіна вулиця;1981;f
Якіра вулиця;1982;f
Якубовський провулок;1983;f
Якутська вулиця;1984;f
Якутський провулок;1985;f
Ялтинський провулок;1986;f
Ямська вулиця;1987;f
Яновського провулок;1988;f
Яновського вулиця;1989;f
Яремівський провулок;1990;f
Ярова вулиця;1991;f
Галана Ярослава вулиця;1992;f
Ярославська вулиця;1993;f
Ясенева вулиця;1994;f
Ясні Зорі провулок;1995;f
Ясні Зорі вулиця;1996;f
Анищенківський провулок;1997;f
Чумаковський провулок;1999;f
Заозерна вулиця;2000;f
Тракторобудівників проспект;2001;f
Гагаріна провулок;2002;f
Городовикова вулиця;2003;f
Сортувальний Набережний провулок;2004;f
Залізничний в’їзд;2005;f
Сидоренківський провулок;2006;f
Георгіївский в’їзд;2007;f
Ставкова вулиця;2008;f
Колгоспний в’їзд;2009;f
Неходи вулиця;2010;f
1-й Петровського в’їзд;2011;t
Малоджанкойська вулиця;2012;f
Новошишковський в’їзд;2013;f
Челюскіна в’їзд;2014;f
Шкільний провулок;2015;f
Зоряний провулок;2016;f
Беринговий провулок;2017;f
Аральський провулок;2018;f
Дитячий провулок;2019;f
Ревкомівський провулок;2020;f
Авіахімічний провулок;2021;f
Срібна вулиця;2022;f
Товариська вулиця;2023;f
Путилівський провулок;2024;f
Авіаційна вулиця;2025;f
Фанінський провулок;2026;f
Капниста провулок;2027;f
Черкаський провулок;2028;f
Стрєлкова вулиця;2029;f
Лазківка-Лужок вулиця;2030;f
Муранова провулок;2031;f
Коростельський провулок;2032;f
Єрмолаївський провулок;2033;f
Арктичний провулок;2034;f
Ткаченківський провулок;2035;f
1-й Гіївський узвіз;2036;t
Андріївський провулок;2037;f
Чистоклетівська вулиця;2038;f
Волошинський провулок;2039;f
1-й Лисогірський в’їзд;2040;t
2-й Лисогірський в’їзд;2041;t
3-й Лисогірський в’їзд;2042;t
4-й Лисогірський в’їзд;2043;t
Корейський провулок;2044;f
Революції 1905 року проїзд;2045;f
Сковородинський провулок;2046;f
Сковородинський в’їзд;2047;f
Наумівський провулок;2048;f
Чистоклетівський провулок;2049;f
Вірменський провулок;2050;f
Ніжинський провулок;2051;f
Фастівський провулок;2052;f
Новиковський провулок;2053;f
1-ої Маївки провулок;2054;f
Кобзарівський провулок;2055;f
Сіриківський провулок;2056;f
1-ої Маївки вулиця;2057;f
Лісова вулиця;2058;f
Ізмайлівська вулиця;2059;f
8-го Березня вулиця;2060;f
Клочківський провулок;2061;f
Іванівська набережна;2062;f
Резинівський провулок;2063;f
Шатилова Дача провулок;2064;f
Інженерний провулок;2065;f
Самокиша провулок;2066;f
Саммерівський провулок;2067;f
Класичний провулок;2068;f
Театральна площа;2069;f
Борзий провулок;2070;f
2-й Чоботарський провулок;2071;t
Тургенівська вулиця;2072;f
Криничний провулок;2073;f
Фролівський провулок;2074;f
Рівний провулок;2075;f
Набережний провулок;2076;f
Шведський провулок;2078;f
Некрасова провулок;2080;f
Мар’яненко переулок;2081;f
Мечникова провулок;2082;f
Воробйова провулок;2083;f
Артема провулок;2084;f
Шиловський провулок;2085;f
Щедринський провулок;2086;f
Бутівський в’їзд;2087;f
Дослідний провулок;2088;f
Вологодський провулок;2089;f
Дворічна вулиця;2090;f
Дьогтярний провулок;2091;f
Тевелєва провулок;2092;f
Наринська вулиця;2093;f
Щепкіна вулиця;2094;f
Кречетовський провулок;2095;f
Автотракторний в’їзд;2096;f
Фурманова в’їзд;2097;f
Тевелєва в’їзд;2098;f
Дарницька вулиця;2099;f
Сергіївська вулиця;2100;f
Ладигіна провулок;2101;f
Клинська вулиця;2102;f
Муромський проїзд;2103;f
Шевченківський в’їзд;2106;f
Чернівецький в’їзд;2107;f
Залютинська вулиця;2108;f
Механізаторський провулок;2109;f
Чередниченківська вулиця;2110;f
Соціалістичний провулок;2111;f
Привокзальна площа;2112;f
Чоботарський провулок;2113;f
Малиновського площа;2114;f
Свердлова провулок;2115;f
Чайкіної Лізи провулок;2116;f
Конторський провулок;2117;f
Клубний провулок;2118;f
Дубового Івана провулок;2119;f
Робкорівський провулок;2120;f
Болгарський провулок;2121;f
Квітки-Основ’яненка вулиця;2122;f
Червоних Старшин вулиця;2123;f
Усовський в’їзд;2124;f
Сахновщинська вулиця;2125;f
Мжовський провулок;2126;f
Новоселівський провулок;2127;f
Плановий провулок;2128;f
Тульчинський провулок;2129;f
Цимлянський провулок;2130;f
Соляниківський провулок;2131;f
Слюсарний провулок;2132;f
Короленка провулок;2133;f
Музичний провулок;2134;f
Охтинська вулиця;2135;f
Карбишева провулок;2136;f
Лопанська набережна;2137;f
Дегтярьова вулиця;2138;f
Новоросійський провулок;2139;f
Польовий в’їзд;2140;f
Краснодонська вулиця;2141;f
Джерело провулок;2142;f
Приходьківський провулок;2143;f
Урицького провулок;2144;f
Орєшкова Сергія вулиця;2145;f
Заливна вулиця;2146;f
Фіньковський провулок;2147;f
Станційна вулиця;2148;f
Аравійський провулок;2149;f
Рєпінський провулок;2150;f
Станційний в’їзд;2151;f
Матеріалістична вулиця;2152;f
Керченський провулок;2153;f
2-й Георгіївський в’їзд;2154;t
3-й Георгіївський в’їзд;2155;t
Балашівська вулиця;2156;f
Доброхотова вулиця;2157;f
Кошкіна вулиця;2158;f
Канатний провулок;2159;f
Котовського в’їзд;2160;f
Петренки вулиця;2161;f
Звенігородський в’їзд;2163;f
Проектний в’їзд;2164;f
4-й Колонний провулок;2165;t
2-й Дорошенківський в’їзд;2166;t
Бакуніна провулок;2167;f
Доватора провулок;2168;f
Бузковий провулок;2169;f
Будянський провулок;2170;f
Океанський провулок;2171;f
Шляхопровідний провулок;2172;f
Сортувальний провулок;2173;f
Аскадовський провулок;2174;f
Зерновий провулок;2175;f
Артюхівський провулок;2176;f
2-й Аравійський в’їзд;2177;t
Вільна вулиця;2178;f
Краматорська вулиця;2179;f
Декабристів вулиця;2180;f
Шуберта площа;2181;f
Службова вулиця;2182;f
Краматорський провулок;2183;f
Союзний провулок;2184;f
Шаповалівський провулок;2185;f
Парниковий провулок;2186;f
Олейниківська вулиця;2187;f
Суворова проїзд;2188;f
Суворова в’їзд;2189;f
Красноуральське вулиця;2190;f
Анадирський провулок;2191;f
Черняховського провулок;2192;f
5-й Керамічний в’їзд;2193;t
Балаклейський в’їзд;2194;f
Перемоги провулок;2195;f
Самаркандський провулок;2196;f
Ньютона в’їзд;2197;f
Кустанайська вулиця;2198;f
Паркова вулиця;2199;f
Осипенко проїзд;2200;f
Смілянський провулок;2201;f
2-й Байрона в’їзд;2202;t
Байрона в’їзд;2203;f
Миру провулок;2204;f
XVII Партз’їзду провулок;2205;f
Серафимовича провулок;2206;f
Село Перемога 2 вулиця;2207;f
Ольховський провулок;2208;f
Верстатобудівна вулиця;2209;f
Станційна вулиця;2210;f
Докучаєва вулиця;2211;f
Перший провулок;2212;f
Тупий провулок;2213;f
Хімічний провулок;2214;f
Депутатський провулок;2215;f
Клочкова Василя вулиця;2216;f
6-й Зеленодольський проїзд;2217;t
Верхньогіївський в’їзд;2218;f
Стартова вулиця;2219;f
3-й Лагерний провулок;2221;t
Франка в’їзд;2222;f
Надбірна вулиця;2223;f
22-го Січня в’їзд;2224;f
Вешенський провулок;2225;f
Машиністів проїзд;2226;f
Пролетарський провулок;2227;f
Усурійська вулиця;2228;f
Батайський провулок;2229;f
Волинський провулок;2230;f
Межевий провулок;2231;f
1-й Докучаєвський проїзд;2232;t
Докучаєва в’їзд;2233;f
З’єднана вулиця;2234;f
Студентський провулок;2235;f
1-й Чоботарський провулок;2236;t
Садовопаркова вулиця;2237;f
Виконкомівська вулиця;2238;f
Кліщівський провулок;2239;f
Гончарівський провулок;2240;f
3-й Усівський в’їзд;2241;t
Чаплигінський провулок;2242;f
Краснодонський провулок;2243;f
Головинський провулок;2244;f
Селянський в’їзд;2245;f
Жовтневої Революції в’їзд;2246;f
Землемірний провулок;2247;f
Коробейницький провулок;2248;f
Криворізький провулок;2249;f
Пермський провулок;2250;f
Решетилівський провулок;2251;f
Німанський провулок;2252;f
Північний провулок;2253;f
Індустріальна вулиця;2254;f
Никитенка провулок;2255;f
Червонопартизанський провулок;2256;f
Кочубеївська вулиця;2257;f
Червоного Козацтва вулиця;2258;f
Гірський проїзд;2259;f
Владивостокський в’їзд;2260;f
Архангельський в’їзд;2261;f
Псарівський провулок;2262;f
Євсюківський провулок;2263;f
Земівська вулиця;2264;f
1-й Рудничний провулок;2265;t
Актюбінська вулиця;2266;f
Снігурівський провулок;2267;f
Спартаківський провулок;2268;f
Університецький провулок;2269;f
Грабовського провулок;2270;f
Семикінська вулиця;2271;f
1-й Олексіївський в’їзд;2272;t
2-й Олексіївський в’їзд;2273;t
Тульська вулиця;2274;f
Батумський провулок;2275;f
Вишневий провулок;2276;f
Коцюбинського вулиця;2277;f
Новошишковський провулок;2278;f
1-й Лісопарковий провулок;2279;t
Фесенківський в’їзд;2281;f
Маршала Федоренка вулиця;2282;t
Пілотів вулиця;2283;f
Комунальний в’їзд;2284;f
Тростянецький провулок;2285;f
Валер’янівський провулок;2286;f
Євпаторійський проїзд;2287;f
М’ясний провулок;2288;f
Джерельний провулок;2289;f
Кохання провулок;2290;f
Саранський в’їзд;2291;f
Патріотичний в’їзд;2292;f
Ванди Василевської в’їзд;2293;f
Яновського в’їзд;2294;f
Удянський в’їзд;2295;f
Марата в’їзд;2296;f
Щорса в’їзд;2297;f
Інтернаціоналу в’їзд;2298;f
Подільський в’їзд;2299;f
Ударний в’їзд;2300;f
Желєзнякова в’їзд;2301;f
1-го Травня в’їзд;2302;f
Кар’єрний провулок;2303;f
Старопрудний провулок;2304;f
Руднєва в’їзд;2305;f
Лазарівський провулок;2306;f
1-й Георгіївський в’їзд;2307;t
1-й Чугуївський в’їзд;2308;t
2-й Чугуївський в’їзд;2309;t
3-й Чугуївський в’їзд;2310;t
Лелюківський провулок;2311;f
Основ’янський в’їзд;2312;f
1-й Аравійський в’їзд;2313;t
Цигарівський в’їзд;2314;f
Полтавський в’їзд;2315;f
Крохмалівський провулок;2316;f
Сєверодонецький в’їзд;2317;f
Саратовський провулок;2318;f
Арматурний провулок;2319;f
Азербайджанський в’їзд;2320;f
2-й Староверещаківський в’їзд;2321;t
Джерельний провулок;2322;f
Достоєвського провулок;2323;f
Макіївський провулок;2324;f
3-й Макіївський в’їзд;2325;t
Бригадний в’їзд;2326;f
2-й Деповський в’їзд;2327;t
Мовчанівський в’їзд;2328;f
Аптекарський в’їзд;2329;f
Рибасівський в’їзд;2330;f
Краснокутський провулок;2331;f
Ковальський в’їзд;2332;f
Костюринський провулок;2333;f
Донець-Захаржевського вулиця;2334;f
Технологічний в’їзд;2335;f
Червонопрапорний провулок;2336;f
2-й Журавлівський в’їзд;2337;t
1-й Челюскінців в’їзд;2338;t
Благоєва вулиця;2339;f
Римарський провулок;2341;f
Червоні Ряди вулиця;2342;f
Культкомівська вулиця;2343;f
2-й Вологодський в’їзд;2345;t
Яблунева вулиця;2346;f
2-й Мінеральний провулок;2347;t
Джутовий в’їзд;2348;f
Катаєва провулок;2349;f
Магістральний в’їзд;2350;f
2-й Калініна в’їзд;2351;t
2-й Червона Алея в’їзд;2352;t
Грибоєдова провулок;2353;f
Криловський провулок;2354;f
2-й Звенигородський в’їзд;2355;t
Автоматний в’їзд;2356;f
Автоматний проїзд;2357;f
Сепараторний проїзд;2358;f
2-й Високовольтний в’їзд;2359;t
1-й Високовольтний в’їзд;2360;t
Байдарський в’їзд;2361;f
Готнянський в’їзд;2362;f
Фізкультурний в’їзд;2363;f
Новоолександрівський провулок;2364;f
5-й Ісаївський в’їзд;2365;t
4-й Ісаївський в’їзд;2366;t
3-й Ісаївський в’їзд;2367;t
Академіка Павлова в’їзд;2368;t
Ельбруський провулок;2369;f
Шиловський в’їзд;2370;f
Стрілецький в’їзд;2371;f
3-й Зміївський в’їзд;2372;t
Машинобудівний в’їзд;2373;f
Остапа Вишні провулок;2374;f
Расторгуєвський провулок;2375;f
Культкомівський в’їзд;2376;f
Радянський в’їзд;2377;f
Голубівський в’їзд;2378;f
Касимівський в’їзд;2379;f
Визволення провулок;2380;f
Набоковський в’їзд;2381;f
Ромашова Бориса вулиця;2382;f
Островского провулок;2383;f
1-й Аскольдівський в’їзд;2384;t
Книшевський провулок;2385;f
Новоприміський проїзд;2386;f
Аеропортний в’їзд;2387;f
Електровозний в’їзд;2388;f
Кремлівська вулиця;2391;f
Знаменська вулиця;2393;f
Гомоненка вулиця;2394;f
Киргизський в’їзд;2395;f
Слобожанський в’їзд;2396;f
Білої Акації вулиця;2397;f
Зарянська вулиця;2398;f
